1,Quần Bò Nam M0013,350000
2,Quần Bò Nam M0014,325000
3,Quần Bò Nam M0015,300000
4,Quần Bò Nam M0016,360000
5,Quần Bò Nam M0017,365000
6,Quần Bò Nam M0018,340000
7,Quần Bò Nam M0019,380000
8,Quần Kaki Nam M0053,280000
9,Quần Kaki Nam M0054,290000
10,Quần Kaki Nam M0055,310000
11,Quần Kaki Nam M0056,260000
12,Quần Kaki Nam M0057,265000
13,Quần Kaki Nam M0058,275000
14,Quần Kaki Nam M0059,295000
15,Áo Phông Nam M0107,150000
16,Áo Phông Nam M0108,160000
17,Áo Phông Nam M0109,170000
18,Áo Phông Nam M0110,165000
19,Áo Phông Nam M0111,120000
20,Áo Phông Nam M0112,140000
21,Áo Phông Nam M0113,145000
22,Áo Khoác Nam M0167,250000
23,Áo Khoác Nam M0167,260000
24,Áo Khoác Nam M0167,270000
25,Áo Khoác Nam M0167,265000
26,Áo Khoác Nam M0167,245000
27,Áo Khoác Nam M0167,290000
28,Áo Khoác Nam M0167,210000
29,Quần Short Nam M0220,180000
30,Quần Short Nam M0221,190000
31,Quần Short Nam M0222,140000
32,Quần Short Nam M0223,150000
33,Quần Short Nam M0224,155000
34,Quần Short Nam M0225,220000
35,Quần Short Nam M0226,130000
36,Áo Sơ Mi Nam M0255, 265000
37,Áo Sơ Mi Nam M0256, 275000
38,Áo Sơ Mi Nam M0257, 285000
39,Áo Sơ Mi Nam M0258, 215000
40,Áo Sơ Mi Nam M0259, 240000
41,Áo Sơ Mi Nam M0260, 270000
42,Áo Sơ Mi Nam M0261, 295000
43,Áo Thun Nam M0328, 245000
44,Áo Thun Nam M0329, 285000
45,Áo Thun Nam M0330, 275000
46,Áo Thun Nam M0331, 295000
47,Áo Thun Nam M0332, 325000
48,Áo Thun Nam M0333, 195000
49,Áo Thun Nam M0334, 265000
50,Chân Váy Nữ F0010, 195000
51,Chân Váy Nữ F0011, 245000
52,Chân Váy Nữ F0012, 235000
53,Chân Váy Nữ F0013, 185000
54,Chân Váy Nữ F0014, 145000
55,Chân Váy Nữ F0015, 200000
56,Chân Váy Nữ F0016, 295000
57,Quần Jean Nữ F0077, 275000
58,Quần Jean Nữ F0078, 285000
59,Quần Jean Nữ F0079, 295000
60,Quần Jean Nữ F0080, 315000
61,Quần Jean Nữ F0081, 260000
62,Quần Jean Nữ F0082, 235000
63,Quần Jean Nữ F0083, 250000
64,Áo Sơ Mi Nữ F0103, 285000
65,Áo Sơ Mi Nữ F0104, 275000
66,Áo Sơ Mi Nữ F0105, 265000
67,Áo Sơ Mi Nữ F0106, 290000
68,Áo Sơ Mi Nữ F0107, 280000
69,Áo Sơ Mi Nữ F0108, 300000
70,Áo Sơ Mi Nữ F0109, 315000
71,Đầm Nữ F0177, 415000
72,Đầm Nữ F0178, 385000
73,Đầm Nữ F0179, 375000
74,Đầm Nữ F0180, 425000
75,Đầm Nữ F0181, 390000
76,Đầm Nữ F0182, 385000
77,Đầm Nữ F0183, 100000
78,Quần Thun Nữ F0209, 235000
79,Quần Thun Nữ F0210, 245000
80,Quần Thun Nữ F0211, 255000
81,Quần Thun Nữ F0212, 260000
83,Quần Thun Nữ F0213, 270000
83,Quần Thun Nữ F0214, 200000
84,Quần Thun Nữ F0215, 215000
85,Áo Thun Tay Dài Nam M0488, 260000
86,Áo Thun Tay Dài Nam M0489, 275000
87,Áo Thun Tay Dài Nam M0490, 280000
88,Áo Thun Tay Dài Nam M0491, 215000
89,Áo Thun Tay Dài Nam M0492, 220000
80,Áo Thun Tay Dài Nam M0493, 235000
91,Áo Thun Tay Dài Nam M0494, 240000
92,Áo Sơ Mi Bông Nam M0515, 275000
93,Áo Sơ Mi Bông Nam M0516, 280000
94,Áo Sơ Mi Bông Nam M0517, 215000
95,Áo Sơ Mi Bông Nam M0518, 345000
96,Áo Sơ Mi Bông Nam M0519, 325000
97,Áo Sơ Mi Bông Nam M0520, 245000
98,Áo Sơ Mi Bông Nam M0521, 225000
99,Áo Hoodie Sọc Ngang Nam M0554, 215000
100,Áo Hoodie Sọc Ngang Nam M0555, 245000
101,Áo Hoodie Sọc Ngang Nam M0556, 275000
102,Áo Hoodie Sọc Ngang Nam M0557, 220000
103,Áo Hoodie Sọc Ngang Nam M0558, 230000
104,Áo Hoodie Sọc Ngang Nam M0559, 260000
105,Áo Hoodie Sọc Ngang Nam M0560, 280000
106,Áo Hoodie OGA Nam F0600, 185000
107,Áo Thun Len Nữ F0270, 185000
108,Áo Thun Nữ F0320, 225000
